step,Cars,EuroSAT,RESISC45,GTSRB
500,0.7399577167019028,0.6470370370370371,0.819047619047619,0.7995249406175772
1000,0.7413257057579903,0.6477777777777778,0.8198412698412698,0.8068091844813935
