step,Cars,EuroSAT,RESISC45,GTSRB
500,0.6728018903121502,0.9533333333333334,0.8288888888888889,0.782818685669042
1000,0.6736724288023878,0.9544444444444444,0.8293650793650794,0.7909738717339667
