step,Cars,EuroSAT,RESISC45,GTSRB
500,0.7423206068896904,0.7177777777777777,0.8463492063492063,0.7503562945368171
1000,0.7425693321726153,0.72,0.8473015873015873,0.7568487727632621
