step,Cars,EuroSAT,RESISC45,GTSRB
500,0.639223977117274,0.5551851851851852,0.7723809523809524,0.5087885985748218
1000,0.6400945156075115,0.5566666666666666,0.7738095238095238,0.511797307996833
