step,Cars,EuroSAT,RESISC45,GTSRB
500,0.6647183186170874,0.7414814814814815,0.8268253968253968,0.6320665083135392
1000,0.6658375823902499,0.7429629629629629,0.8280952380952381,0.6387965162311956
