step,Cars,EuroSAT,RESISC45,GTSRB
500,0.7403308046262903,0.6459259259259259,0.8188888888888889,0.7999208234362629
1000,0.7416987936823778,0.6470370370370371,0.8196825396825397,0.8068091844813935
