step,Cars,EuroSAT,RESISC45,GTSRB
500,0.6728018903121502,0.9533333333333334,0.8288888888888889,0.7827395091053049
1000,0.6736724288023878,0.9548148148148148,0.8295238095238096,0.7902612826603326
