step,Cars,EuroSAT,RESISC45,GTSRB
500,0.6235542842929984,0.4822222222222222,0.7326984126984127,0.4365795724465558
1000,0.6240517348588484,0.4792592592592593,0.7344444444444445,0.4418052256532066
