step,Cars,EuroSAT,RESISC45,GTSRB
500,0.035318990175351325,0.38,0.2534920634920635,0.7376088677751386
1000,0.03581644074120134,0.38222222222222224,0.25555555555555554,0.7415676959619952
