step,Cars,EuroSAT,RESISC45,GTSRB
1000,0.7431911453799279,0.09962962962962962,0.9144444444444444,0.9136975455265242
500,0.7403308046262903,0.1,0.905079365079365,0.9116389548693586
