step,Cars,EuroSAT,RESISC45,GTSRB
500,0.6723044397463002,0.9537037037037037,0.8288888888888889,0.783452098178939
1000,0.6736724288023878,0.9548148148148148,0.8292063492063492,0.7918448139350752
