step,Cars,EuroSAT,RESISC45,GTSRB
1000,0.7798781246113667,0.7603703703703704,0.95,0.9564528899445764
500,0.7751523442357916,0.7670370370370371,0.9495238095238095,0.9537608867775138
