step,Cars,EuroSAT,RESISC45,GTSRB
500,0.6395970650416615,0.605925925925926,0.7403174603174603,0.5759303246239114
1000,0.6388508891928865,0.6029629629629629,0.7409523809523809,0.5838479809976247
