scaling_coef,dataset,acc
0.0,Cars,0.5790324586494218
0.0,EuroSAT,0.22703703703703704
0.0,RESISC45,0.5776190476190476
0.0,GTSRB,0.3107680126682502
0.1,Cars,0.6158438005223231
0.1,EuroSAT,0.4003703703703704
0.1,RESISC45,0.6857142857142857
0.1,GTSRB,0.4435471100554236
0.2,Cars,0.6487999005098868
0.2,EuroSAT,0.5585185185185185
0.2,RESISC45,0.7420634920634921
0.2,GTSRB,0.5879651623119556
0.30000000000000004,Cars,0.6606143514488247
0.30000000000000004,EuroSAT,0.6270370370370371
0.30000000000000004,RESISC45,0.7593650793650794
0.30000000000000004,GTSRB,0.7062549485352335
0.4,Cars,0.6460639223977117
0.4,EuroSAT,0.632962962962963
0.4,RESISC45,0.7509523809523809
0.4,GTSRB,0.7635787806809184
0.5,Cars,0.6087551299589603
0.5,EuroSAT,0.6133333333333333
0.5,RESISC45,0.7219047619047619
0.5,GTSRB,0.778068091844814
0.6000000000000001,Cars,0.5241885337644572
0.6000000000000001,EuroSAT,0.5751851851851851
0.6000000000000001,RESISC45,0.6804761904761905
0.6000000000000001,GTSRB,0.7654790182106097
0.7000000000000001,Cars,0.4106454421091904
0.7000000000000001,EuroSAT,0.5325925925925926
0.7000000000000001,RESISC45,0.6222222222222222
0.7000000000000001,GTSRB,0.7357878068091844
0.8,Cars,0.2675040417858475
0.8,EuroSAT,0.4855555555555556
0.8,RESISC45,0.5580952380952381
0.8,GTSRB,0.6891528107680127
0.9,Cars,0.14450938937943042
0.9,EuroSAT,0.4337037037037037
0.9,RESISC45,0.48968253968253966
0.9,GTSRB,0.6377672209026128
1.0,Cars,0.06603656261658998
1.0,EuroSAT,0.3940740740740741
1.0,RESISC45,0.41873015873015873
1.0,GTSRB,0.579889152810768
