step,Cars,EuroSAT,RESISC45,GTSRB
1000,0.7823653774406168,0.807037037037037,0.9506349206349206,0.9623119556611243
500,0.7775152344235792,0.8,0.9498412698412698,0.9608867775138559
