step,Cars,EuroSAT,RESISC45,GTSRB
500,0.745927123492103,0.11555555555555555,0.9144444444444444,0.9157561361836897
1000,0.7492849148115907,0.11555555555555555,0.92,0.9138558986539984
