step,Cars,EuroSAT,RESISC45,GTSRB
500,0.6390996144758114,0.607037037037037,0.7403174603174603,0.5759303246239114
1000,0.6387265265514239,0.6044444444444445,0.7409523809523809,0.5837688044338876
