step,Cars,EuroSAT,RESISC45,GTSRB
500,0.6642208680512374,0.6455555555555555,0.7633333333333333,0.740775930324624
1000,0.6647183186170874,0.6481481481481481,0.7628571428571429,0.7474267616785432
