step,Cars,EuroSAT,RESISC45,GTSRB
1000,0.8205447083696058,0.1,0.9247619047619048,0.9499604117181314
500,0.8202959830866807,0.12407407407407407,0.9226984126984127,0.9494061757719715
