step,Cars,EuroSAT,RESISC45,GTSRB
500,0.7586121129212785,0.9614814814814815,0.8595238095238096,0.8359461599366588
1000,0.759980101977366,0.9618518518518518,0.8611111111111112,0.8418052256532067
