step,Cars,EuroSAT,RESISC45,GTSRB
500,0.6643452306926999,0.6459259259259259,0.763015873015873,0.741409342834521
1000,0.6647183186170874,0.6485185185185185,0.763015873015873,0.7481393507521773
