step,Cars,EuroSAT,RESISC45,GTSRB
1000,0.7573684865066534,0.83,0.9415873015873016,0.9529691211401425
500,0.7574928491481159,0.8648148148148148,0.9406349206349206,0.953285827395091
