step,Cars,EuroSAT,RESISC45,GTSRB
500,0.03519462753388882,0.38037037037037036,0.2536507936507936,0.7373713380839272
1000,0.035318990175351325,0.3825925925925926,0.25555555555555554,0.7408551068883611
