step,Cars,EuroSAT,RESISC45,GTSRB
500,0.7550055963188658,0.7433333333333333,0.8544444444444445,0.6733966745843231
1000,0.7564979480164159,0.7444444444444445,0.854920634920635,0.6773555027711797
