step,Cars,EuroSAT,RESISC45,GTSRB
500,0.003606516602412635,0.3,0.035555555555555556,0.9595407759303246
1000,0.003606516602412635,0.22407407407407406,0.027936507936507936,0.9648456057007125
