step,Cars,EuroSAT,RESISC45,GTSRB
500,0.7035194627533888,0.567037037037037,0.7665079365079365,0.5717339667458432
1000,0.705509265016789,0.5644444444444444,0.7682539682539683,0.5800475059382423
