step,Cars,EuroSAT,RESISC45,GTSRB
500,0.6235542842929984,0.4825925925925926,0.7322222222222222,0.4369754552652415
1000,0.6240517348588484,0.4792592592592593,0.7339682539682539,0.44394299287410927
