step,Cars,EuroSAT,RESISC45,GTSRB
500,0.6236786469344608,0.4825925925925926,0.7325396825396825,0.4368171021377672
1000,0.6241760975003109,0.4792592592592593,0.7344444444444445,0.4433095803642122
