step,Cars,EuroSAT,RESISC45,GTSRB
1000,0.6305185922148987,0.43,0.7388888888888889,0.7010292953285827
500,0.6330058450441487,0.43851851851851853,0.7398412698412699,0.6843230403800475
