step,Cars,EuroSAT,RESISC45,GTSRB
500,0.6726775276706878,0.9537037037037037,0.8288888888888889,0.7829770387965163
1000,0.6737967914438503,0.9548148148148148,0.829047619047619,0.791132224861441
