step,Cars,EuroSAT,RESISC45,GTSRB
1000,0.03755751772167641,0.38333333333333336,0.25666666666666665,0.7501979414093428
500,0.04041785847531402,0.3788888888888889,0.26,0.720110847189232
