step,Cars,EuroSAT,RESISC45,GTSRB
500,0.035318990175351325,0.3781481481481481,0.2536507936507936,0.7374505146476643
1000,0.03581644074120134,0.3814814814814815,0.25523809523809526,0.7408551068883611
