step,Cars,EuroSAT,RESISC45,GTSRB
500,0.7586121129212785,0.9618518518518518,0.8601587301587301,0.8352335708630245
1000,0.759731376694441,0.9618518518518518,0.8612698412698413,0.8406175771971497
