step,Cars,EuroSAT,RESISC45,GTSRB
500,0.035318990175351325,0.38185185185185183,0.25333333333333335,0.7374505146476643
1000,0.03544335281681383,0.38222222222222224,0.25587301587301586,0.741409342834521
