step,Cars,EuroSAT,RESISC45,GTSRB
500,0.03556771545827633,0.37925925925925924,0.2536507936507936,0.7367379255740301
1000,0.03581644074120134,0.38185185185185183,0.25523809523809526,0.7403008709422011
