step,Cars,EuroSAT,RESISC45,GTSRB
1000,0.030344484516851136,0.42,0.24746031746031746,0.841409342834521
500,0.029225220743688596,0.41814814814814816,0.24793650793650793,0.8365003958828187
