step,Cars,EuroSAT,RESISC45,GTSRB
500,0.7591095634871284,0.9618518518518518,0.8593650793650793,0.8357878068091845
1000,0.759731376694441,0.9618518518518518,0.8611111111111112,0.8414885193982581
