step,Cars,EuroSAT,RESISC45,GTSRB
500,0.035318990175351325,0.38037037037037036,0.25333333333333335,0.7375296912114014
1000,0.03569207809973884,0.3825925925925926,0.25555555555555554,0.7415676959619952
