step,Cars,EuroSAT,RESISC45,GTSRB
1000,0.7690585748041289,0.7003703703703704,0.9441269841269841,0.9558194774346793
500,0.7658251461261038,0.7,0.9404761904761905,0.9553444180522566
