step,Cars,EuroSAT,RESISC45,GTSRB
500,0.6649670439000125,0.7414814814814815,0.8268253968253968,0.6315914489311164
1000,0.6657132197487875,0.7437037037037038,0.8280952380952381,0.6381631037212985
