step,Cars,EuroSAT,RESISC45,GTSRB
1000,0.6635990548439249,0.752962962962963,0.8136507936507936,0.831353919239905
500,0.6686979231438875,0.76,0.8198412698412698,0.8043547110055423
