step,Cars,EuroSAT,RESISC45,GTSRB
500,0.6640965054097749,0.6462962962962963,0.7631746031746032,0.7406175771971496
1000,0.6650914065414749,0.6481481481481481,0.763015873015873,0.7474267616785432
