step,Cars,EuroSAT,RESISC45,GTSRB
500,0.7550055963188658,0.7429629629629629,0.8541269841269842,0.6729216152019002
1000,0.7568710359408034,0.7444444444444445,0.8547619047619047,0.6767220902612826
