step,Cars,EuroSAT,RESISC45,GTSRB
500,0.7419475189653029,0.7174074074074074,0.8463492063492063,0.7510688836104513
1000,0.7423206068896904,0.7192592592592593,0.8473015873015873,0.7569279493269992
