step,Cars,EuroSAT,RESISC45,GTSRB
500,0.6500435269245118,0.7092592592592593,0.8111111111111111,0.6789390340459224
1000,0.6500435269245118,0.7125925925925926,0.8122222222222222,0.6878859857482186
