step,Cars,EuroSAT,RESISC45,GTSRB
500,0.7275214525556523,0.6174074074074074,0.7953968253968254,0.5298495645288994
1000,0.7276458151971148,0.6188888888888889,0.7961904761904762,0.5346001583531275
