step,Cars,EuroSAT,RESISC45,GTSRB
500,0.7421962442482278,0.7181481481481482,0.8468253968253968,0.7505146476642913
1000,0.7423206068896904,0.7203703703703703,0.8476190476190476,0.7561361836896279
