step,Cars,EuroSAT,RESISC45,GTSRB
500,0.7419475189653029,0.7177777777777777,0.846031746031746,0.7507521773555028
1000,0.7425693321726153,0.72,0.8474603174603175,0.7561361836896279
