step,Cars,EuroSAT,RESISC45,GTSRB
500,0.6724288023877627,0.9533333333333334,0.8288888888888889,0.7830562153602534
1000,0.6736724288023878,0.9548148148148148,0.8293650793650794,0.7909738717339667
