step,Cars,EuroSAT,RESISC45,GTSRB
500,0.7797537619699042,0.7677777777777778,0.9458730158730159,0.9631828978622328
1000,0.7849769929113294,0.79,0.9512698412698413,0.9634204275534441
