step,Cars,EuroSAT,RESISC45,GTSRB
500,0.02611615470712598,0.43592592592592594,0.23555555555555555,0.698812351543943
1000,0.02586742942420097,0.4388888888888889,0.236984126984127,0.7040380047505939
