step,Cars,EuroSAT,RESISC45,GTSRB
500,0.6501678895659744,0.71,0.8111111111111111,0.678701504354711
1000,0.6501678895659744,0.7125925925925926,0.8122222222222222,0.6876484560570071
