step,Cars,EuroSAT,RESISC45,GTSRB
1000,0.8396965551548314,0.1111111111111111,0.9393650793650794,0.9705463182897862
500,0.8337271483646312,0.1111111111111111,0.94,0.9661124307205067
