step,Cars,EuroSAT,RESISC45,GTSRB
500,0.6640965054097749,0.6459259259259259,0.7631746031746032,0.7401425178147268
1000,0.6645939559756249,0.6481481481481481,0.7628571428571429,0.7474267616785432
