step,SUN397,Cars,RESISC45,DTD,SVHN,GTSRB,MNIST,EuroSAT
1000,0.6381863979848866,0.6122372839199105,0.783968253968254,0.5638297872340425,0.8907498463429625,0.921852731591449,0.7865,0.4974074074074074
500,0.6392947103274559,0.6165899763710981,0.7825396825396825,0.5627659574468085,0.890980331899201,0.9173396674584323,0.7862,0.4951851851851852
