step,Cars,EuroSAT,RESISC45,GTSRB
500,0.7272727272727273,0.6166666666666667,0.7955555555555556,0.5302454473475852
1000,0.7278945404800398,0.6188888888888889,0.796031746031746,0.5347585114806017
