step,Cars,EuroSAT,RESISC45,GTSRB
500,0.7278945404800398,0.6159259259259259,0.7957142857142857,0.5302454473475852
1000,0.7278945404800398,0.6177777777777778,0.7963492063492064,0.5348376880443388
