step,Cars,EuroSAT,RESISC45,GTSRB
500,0.6231811963686109,0.4825925925925926,0.7325396825396825,0.4365003958828187
1000,0.6241760975003109,0.47888888888888886,0.7341269841269841,0.44323040380047507
