step,Cars,EuroSAT,RESISC45,GTSRB
500,0.025991792065663474,0.43703703703703706,0.23603174603174604,0.6990498812351544
1000,0.02586742942420097,0.4381481481481482,0.236984126984127,0.7042755344418052
