step,Cars,EuroSAT,RESISC45,GTSRB
1000,0.8556149732620321,0.6888888888888889,0.9541269841269842,0.9831353919239905
500,0.854868797413257,0.747037037037037,0.9546031746031746,0.984006334125099
