step,Cars,EuroSAT,RESISC45,GTSRB
500,0.7216764084069146,0.5866666666666667,0.803968253968254,0.6426761678543151
1000,0.7226713095386146,0.585925925925926,0.8055555555555556,0.6507521773555027
