step,Cars,EuroSAT,RESISC45,GTSRB
1000,0.7357293868921776,0.71,0.8182539682539682,0.8315122723673792
500,0.7308792438751399,0.707037037037037,0.8182539682539682,0.7908155186064925
