step,Cars,EuroSAT,RESISC45,GTSRB
500,0.7419475189653029,0.7177777777777777,0.8463492063492063,0.7505938242280285
1000,0.7425693321726153,0.72,0.8473015873015873,0.7561361836896279
