step,Cars,EuroSAT,RESISC45,GTSRB
500,0.6238030095759234,0.4825925925925926,0.7326984126984127,0.4365795724465558
1000,0.6240517348588484,0.47888888888888886,0.7346031746031746,0.44267616785431513
