step,Cars,EuroSAT,RESISC45,GTSRB
500,0.637731625419724,0.47703703703703704,0.7663492063492063,0.4316706254948535
1000,0.6417112299465241,0.4774074074074074,0.77,0.46959619952494064
