step,Cars,EuroSAT,RESISC45,GTSRB
500,0.6394727024001989,0.5559259259259259,0.7725396825396825,0.5083135391923991
1000,0.640218878248974,0.5566666666666666,0.7736507936507937,0.5110055423594616
