step,Cars,EuroSAT,RESISC45,GTSRB
500,0.7404551672677527,0.6462962962962963,0.8195238095238095,0.8000791765637372
1000,0.7418231563238403,0.6466666666666666,0.82,0.8067300079176564
