step,Cars,EuroSAT,RESISC45,GTSRB
500,0.7399577167019028,0.6462962962962963,0.8193650793650794,0.8002375296912114
1000,0.7418231563238403,0.6466666666666666,0.8201587301587302,0.8068883610451306
