step,Cars,EuroSAT,RESISC45,GTSRB
500,0.7399577167019028,0.6466666666666666,0.8193650793650794,0.7995249406175772
1000,0.7415744310409154,0.6474074074074074,0.8203174603174603,0.8069675376088677
