step,Cars,EuroSAT,RESISC45,GTSRB
500,0.7399577167019028,0.6466666666666666,0.819047619047619,0.8000791765637372
1000,0.7418231563238403,0.6474074074074074,0.82,0.8066508313539192
