step,Cars,EuroSAT,RESISC45,GTSRB
1000,0.6913319238900634,0.5907407407407408,0.7726984126984127,0.8891528107680127
500,0.6718069891804502,0.58,0.7636507936507937,0.8787015043547111
