step,Cars,EuroSAT,RESISC45,GTSRB
500,0.025991792065663474,0.4362962962962963,0.2361904761904762,0.6986539984164687
1000,0.02586742942420097,0.4388888888888889,0.2373015873015873,0.704117181314331
