step,Cars,EuroSAT,RESISC45,GTSRB
500,0.035318990175351325,0.3814814814814815,0.2538095238095238,0.7374505146476643
1000,0.03569207809973884,0.38185185185185183,0.2557142857142857,0.7413301662707839
