step,Cars,EuroSAT,RESISC45,GTSRB
500,0.7398333540604403,0.6474074074074074,0.8187301587301588,0.7992874109263658
1000,0.7415744310409154,0.6481481481481481,0.8196825396825397,0.8060174188440221
