step,Cars,EuroSAT,RESISC45,GTSRB
500,0.7416987936823778,0.7181481481481482,0.8465079365079365,0.7500395882818686
1000,0.7424449695311528,0.72,0.8473015873015873,0.7556611243072051
