step,Cars,EuroSAT,RESISC45,GTSRB
500,0.7272727272727273,0.6177777777777778,0.7953968253968254,0.5302454473475852
1000,0.7277701778385773,0.6185185185185185,0.7961904761904762,0.5348376880443388
