step,Cars,EuroSAT,RESISC45,GTSRB
500,0.7587364755627409,0.9614814814814815,0.8598412698412699,0.8358669833729216
1000,0.7596070140529785,0.9618518518518518,0.8614285714285714,0.8406967537608868
