step,Cars,EuroSAT,RESISC45,GTSRB
500,0.7400820793433652,0.6466666666666666,0.8193650793650794,0.8001583531274743
1000,0.7415744310409154,0.6470370370370371,0.82,0.8068091844813935
