step,Cars,EuroSAT,RESISC45,GTSRB
500,0.7272727272727273,0.6177777777777778,0.7955555555555556,0.530799683293745
1000,0.7277701778385773,0.6185185185185185,0.7965079365079365,0.5352335708630246
