step,Cars,EuroSAT,RESISC45,GTSRB
500,0.6726775276706878,0.9533333333333334,0.829047619047619,0.7825019794140934
1000,0.6740455167267753,0.9544444444444444,0.829047619047619,0.7902612826603326
