step,Cars,EuroSAT,RESISC45,GTSRB
500,0.7588608382042035,0.9614814814814815,0.86,0.8357086302454474
1000,0.7598557393359034,0.9618518518518518,0.8611111111111112,0.8408551068883611
