step,Cars,EuroSAT,RESISC45,GTSRB
500,0.867678149483895,0.857037037037037,0.9636507936507936,0.991765637371338
1000,0.8725282925009327,0.9940740740740741,0.9615873015873015,0.9920031670625495
