step,Cars,EuroSAT,RESISC45,GTSRB
500,0.6652157691829375,0.7411111111111112,0.8268253968253968,0.6315122723673793
1000,0.6659619450317125,0.7429629629629629,0.8280952380952381,0.638479809976247
