step,Cars,EuroSAT,RESISC45,GTSRB
500,0.8462877751523442,0.5248148148148148,0.9444444444444444,0.7500395882818686
1000,0.8502673796791443,0.51,0.9449206349206349,0.7766429136975456
