step,Cars,EuroSAT,RESISC45,GTSRB
500,0.638975251834349,0.5562962962962963,0.7720634920634921,0.5086302454473476
1000,0.6395970650416615,0.5566666666666666,0.7736507936507937,0.5119556611243072
