step,Cars,EuroSAT,RESISC45,GTSRB
500,0.7216764084069146,0.587037037037037,0.8044444444444444,0.6410926365795725
1000,0.7222982216142271,0.5851851851851851,0.806031746031746,0.649643705463183
