step,Cars,EuroSAT,RESISC45,GTSRB
500,0.7643327944285536,0.11555555555555555,0.93,0.8534441805225653
1000,0.7685611242382788,0.11555555555555555,0.9314285714285714,0.8284243863816311
