step,Cars,EuroSAT,RESISC45,GTSRB
500,0.758487750279816,0.9614814814814815,0.8596825396825397,0.835550277117973
1000,0.759731376694441,0.9618518518518518,0.8609523809523809,0.8409342834520982
