step,Cars,EuroSAT,RESISC45,GTSRB
500,0.035318990175351325,0.3814814814814815,0.2534920634920635,0.7375296912114014
1000,0.03569207809973884,0.3814814814814815,0.25555555555555554,0.7413301662707839
