step,Cars,EuroSAT,RESISC45,GTSRB
500,0.6652157691829375,0.7411111111111112,0.8266666666666667,0.6321456848772763
1000,0.665588857107325,0.7429629629629629,0.8280952380952381,0.638479809976247
