step,Cars,EuroSAT,RESISC45,GTSRB
500,0.6236786469344608,0.4825925925925926,0.7325396825396825,0.4368962787015044
1000,0.6240517348588484,0.47962962962962963,0.7342857142857143,0.4435471100554236
