step,Cars,EuroSAT,RESISC45,GTSRB
500,0.7033951001119264,0.5666666666666667,0.7665079365079365,0.5722090261282661
1000,0.7053849023753265,0.5644444444444444,0.7685714285714286,0.5803642121931908
