step,Cars,EuroSAT,RESISC45,GTSRB
500,0.7547568710359408,0.7433333333333333,0.8546031746031746,0.6727632620744259
1000,0.7563735853749534,0.7448148148148148,0.8550793650793651,0.676880443388757
