step,Cars,EuroSAT,RESISC45,GTSRB
500,0.8729013804253203,0.9922222222222222,0.96,0.9914489311163895
1000,0.8732744683497078,0.9925925925925926,0.9634920634920635,0.9916864608076009
