step,Cars,EuroSAT,RESISC45,GTSRB
500,0.026240517348588482,0.43666666666666665,0.23587301587301587,0.6986539984164687
1000,0.02586742942420097,0.43777777777777777,0.23761904761904762,0.7043547110055424
