step,Cars,EuroSAT,RESISC45,GTSRB
500,0.7273970899141898,0.6177777777777778,0.7958730158730158,0.5301662707838479
1000,0.7276458151971148,0.6185185185185185,0.7963492063492064,0.5347585114806017
