step,Cars,EuroSAT,RESISC45,GTSRB
500,0.774281805745554,0.6688888888888889,0.9349206349206349,0.9868566904196358
1000,0.7747792563114041,0.5159259259259259,0.94,0.9874109263657957
