step,Cars,EuroSAT,RESISC45,GTSRB
500,0.7035194627533888,0.5677777777777778,0.7663492063492063,0.572129849564529
1000,0.7051361770924014,0.5637037037037037,0.7684126984126984,0.5802058590657165
