step,Cars,EuroSAT,RESISC45,GTSRB
500,0.7035194627533888,0.5674074074074074,0.7663492063492063,0.5722090261282661
1000,0.7051361770924014,0.5640740740740741,0.7685714285714286,0.580522565320665
