step,Cars,EuroSAT,RESISC45,GTSRB
1000,0.7026489242631514,0.5062962962962962,0.7466666666666667,0.829532858273951
500,0.6976744186046512,0.5214814814814814,0.753968253968254,0.808313539192399
