step,Cars,EuroSAT,RESISC45,GTSRB
500,0.003606516602412635,0.19148148148148147,0.022222222222222223,0.960965954077593
1000,0.003606516602412635,0.2,0.02396825396825397,0.9665874901029295
