step,Cars,EuroSAT,RESISC45,GTSRB
500,0.7036438253948514,0.5666666666666667,0.7661904761904762,0.5713380839271576
1000,0.705509265016789,0.5644444444444444,0.7687301587301587,0.5794140934283452
