step,Cars,EuroSAT,RESISC45,GTSRB
500,0.7550055963188658,0.7433333333333333,0.8544444444444445,0.6731591448931117
1000,0.7566223106578783,0.7448148148148148,0.854920634920635,0.6771179730799683
