step,Cars,EuroSAT,RESISC45,GTSRB
500,0.7551299589603283,0.7429629629629629,0.8544444444444445,0.6731591448931117
1000,0.7564979480164159,0.7448148148148148,0.8553968253968254,0.6769596199524941
