step,Cars,EuroSAT,RESISC45,GTSRB
500,0.6643452306926999,0.6459259259259259,0.7631746031746032,0.7406967537608867
1000,0.6647183186170874,0.6481481481481481,0.7628571428571429,0.7482977038796517
