step,Cars,EuroSAT,RESISC45,GTSRB
500,0.638477801268499,0.5562962962962963,0.7719047619047619,0.5090261282660332
1000,0.6395970650416615,0.5566666666666666,0.7736507936507937,0.5121931908155186
