step,Cars,EuroSAT,RESISC45,GTSRB
500,0.7397089914189777,0.6462962962962963,0.8192063492063492,0.7990498812351544
1000,0.7416987936823778,0.6470370370370371,0.8198412698412698,0.8057798891528107
