step,Cars,EuroSAT,RESISC45,GTSRB
500,0.7418231563238403,0.7181481481481482,0.8461904761904762,0.7501187648456057
1000,0.7424449695311528,0.72,0.8476190476190476,0.7558194774346794
