step,Cars,EuroSAT,RESISC45,GTSRB
500,0.025991792065663474,0.4362962962962963,0.2357142857142857,0.6985748218527316
1000,0.02586742942420097,0.4388888888888889,0.23714285714285716,0.7041963578780681
