step,Cars,EuroSAT,RESISC45,GTSRB
500,0.7220494963313021,0.587037037037037,0.8044444444444444,0.6419635787806809
1000,0.722546946897152,0.5851851851851851,0.8065079365079365,0.6498812351543943
