step,Cars,EuroSAT,RESISC45,GTSRB
500,0.7421962442482278,0.7177777777777777,0.8466666666666667,0.7501979414093428
1000,0.7425693321726153,0.72,0.8474603174603175,0.7560570071258907
