step,Cars,EuroSAT,RESISC45,GTSRB
500,0.8469095883596568,0.3,0.9361904761904762,0.7998416468725257
1000,0.8486506653401318,0.3025925925925926,0.94,0.7848772763262074
