step,Cars,EuroSAT,RESISC45,GTSRB
500,0.7216764084069146,0.5866666666666667,0.8038095238095239,0.6419635787806809
1000,0.7227956721800771,0.5855555555555556,0.8057142857142857,0.6499604117181315
