step,Cars,EuroSAT,RESISC45,GTSRB
1000,0.7305061559507524,0.5944444444444444,0.8152380952380952,0.8888361045130642
500,0.7277701778385773,0.6,0.8155555555555556,0.8771179730799683
