step,Cars,EuroSAT,RESISC45,GTSRB
500,0.7033951001119264,0.5674074074074074,0.7660317460317461,0.5718923198733175
1000,0.7056336276582514,0.5644444444444444,0.7682539682539683,0.5802058590657165
