step,Cars,EuroSAT,RESISC45,GTSRB
500,0.6499191642830494,0.7092592592592593,0.8112698412698413,0.6784639746634996
1000,0.6500435269245118,0.7125925925925926,0.8125396825396826,0.6870942201108472
