step,Cars,EuroSAT,RESISC45,GTSRB
500,0.6726775276706878,0.9533333333333334,0.8287301587301588,0.7830562153602534
1000,0.6739211540853127,0.9548148148148148,0.829047619047619,0.7910530482977038
