step,Cars,EuroSAT,RESISC45,GTSRB
500,0.026240517348588482,0.4362962962962963,0.2353968253968254,0.6988915281076801
1000,0.02586742942420097,0.43925925925925924,0.23666666666666666,0.704750593824228
