step,Cars,EuroSAT,RESISC45,GTSRB
500,0.6390996144758114,0.5555555555555556,0.7719047619047619,0.5093428345209818
1000,0.6398457903245865,0.5562962962962963,0.7733333333333333,0.5125890736342043
