step,Cars,EuroSAT,RESISC45,GTSRB
500,0.6500435269245118,0.7088888888888889,0.8114285714285714,0.6779889152810769
1000,0.6505409774903619,0.7125925925925926,0.8123809523809524,0.6870942201108472
