step,Cars,EuroSAT,RESISC45,GTSRB
500,0.6390996144758114,0.5562962962962963,0.7722222222222223,0.508867775138559
1000,0.639970152966049,0.5562962962962963,0.7734920634920635,0.5121931908155186
