step,Cars,EuroSAT,RESISC45,GTSRB
500,0.6236786469344608,0.4825925925925926,0.7323809523809524,0.43665874901029295
1000,0.6240517348588484,0.4792592592592593,0.7339682539682539,0.4433095803642122
