step,Cars,EuroSAT,RESISC45,GTSRB
500,0.035318990175351325,0.38,0.2536507936507936,0.7372921615201901
1000,0.03544335281681383,0.38222222222222224,0.2553968253968254,0.7410134600158353
