step,Cars,EuroSAT,RESISC45,GTSRB
500,0.7033951001119264,0.567037037037037,0.7665079365079365,0.5714964370546318
1000,0.7052605397338639,0.5644444444444444,0.7687301587301587,0.5798099762470309
