step,Cars,EuroSAT,RESISC45,GTSRB
500,0.8660614351448824,0.7703703703703704,0.9603174603174603,0.957403008709422
1000,0.8690461385399826,0.5103703703703704,0.96,0.9590657165479018
