step,Cars,EuroSAT,RESISC45,GTSRB
500,0.7588608382042035,0.9614814814814815,0.8603174603174604,0.835550277117973
1000,0.759731376694441,0.9618518518518518,0.8612698412698413,0.8413301662707838
