step,Cars,EuroSAT,RESISC45,GTSRB
1000,0.005471956224350205,0.22,0.02158730158730159,0.9697545526524148
500,0.005471956224350205,0.21962962962962962,0.020476190476190478,0.9646872525732383
