step,Cars,EuroSAT,RESISC45,GTSRB
500,0.7551299589603283,0.7433333333333333,0.8542857142857143,0.6731591448931117
1000,0.7567466732993409,0.7444444444444445,0.8547619047619047,0.6768012668250198
