step,Cars,EuroSAT,RESISC45,GTSRB
1000,0.7813704763089168,0.7974074074074075,0.9458730158730159,0.9780680918448139
500,0.7801268498942917,0.77,0.9425396825396826,0.9774346793349169
