step,Cars,EuroSAT,RESISC45,GTSRB
500,0.775276706877254,0.21703703703703703,0.936984126984127,0.9836896278701505
1000,0.774530531028479,0.21814814814814815,0.9415873015873016,0.9852731591448931
