step,Cars,EuroSAT,RESISC45,GTSRB
500,0.6500435269245118,0.7088888888888889,0.810952380952381,0.6784639746634996
1000,0.6504166148488993,0.7125925925925926,0.8123809523809524,0.6873317498020586
