step,Cars,EuroSAT,RESISC45,GTSRB
500,0.7035194627533888,0.5674074074074074,0.7660317460317461,0.5720506730007918
1000,0.7053849023753265,0.5648148148148148,0.7684126984126984,0.5800475059382423
