step,Cars,EuroSAT,RESISC45,GTSRB
1000,0.8685486879741325,0.82,0.9623809523809523,0.9588281868566905
500,0.865190896654645,0.804074074074074,0.9612698412698413,0.9593824228028504
