step,Cars,EuroSAT,RESISC45,GTSRB
500,0.6496704390001243,0.7096296296296296,0.8112698412698413,0.6788598574821852
1000,0.6502922522074369,0.7125925925925926,0.8122222222222222,0.6876484560570071
