step,Cars,EuroSAT,RESISC45,GTSRB
500,0.7548812336774033,0.7437037037037038,0.8546031746031746,0.6730007917656373
1000,0.7564979480164159,0.7448148148148148,0.8552380952380952,0.6771179730799683
