step,Cars,EuroSAT,RESISC45,GTSRB
1000,0.5429672926252953,0.68,0.7579365079365079,0.7465558194774347
500,0.5065290386767815,0.6633333333333333,0.7461904761904762,0.7254948535233571
