step,Cars,EuroSAT,RESISC45,GTSRB
500,0.6649670439000125,0.7411111111111112,0.8266666666666667,0.6321456848772763
1000,0.6658375823902499,0.7429629629629629,0.8280952380952381,0.6384006334125099
