step,Cars,EuroSAT,RESISC45,GTSRB
500,0.7587364755627409,0.9614814814814815,0.86,0.8356294536817103
1000,0.7598557393359034,0.9618518518518518,0.8612698412698413,0.8411718131433096
