step,Cars,EuroSAT,RESISC45,GTSRB
500,0.035318990175351325,0.38185185185185183,0.25396825396825395,0.7380047505938242
1000,0.03556771545827633,0.38296296296296295,0.25555555555555554,0.741409342834521
