step,Cars,EuroSAT,RESISC45,GTSRB
1000,0.013804253202338017,0.37,0.18476190476190477,0.8224069675376089
500,0.013679890560875513,0.36407407407407405,0.18365079365079365,0.817735550277118
