step,Cars,EuroSAT,RESISC45,GTSRB
500,0.6393483397587365,0.6062962962962963,0.7404761904761905,0.5761678543151227
1000,0.6390996144758114,0.6040740740740741,0.7409523809523809,0.584006334125099
