step,Cars,EuroSAT,RESISC45,GTSRB
500,0.638975251834349,0.5555555555555556,0.7723809523809524,0.5091053048297703
1000,0.6395970650416615,0.5562962962962963,0.7738095238095238,0.5119556611243072
