step,Cars,EuroSAT,RESISC45,GTSRB
1000,0.5953239646810098,0.6048148148148148,0.73,0.6924782264449723
500,0.5867429424200971,0.6040740740740741,0.7257142857142858,0.6874109263657957
