step,Cars,EuroSAT,RESISC45,GTSRB
500,0.6387265265514239,0.5555555555555556,0.7719047619047619,0.5091053048297703
1000,0.639970152966049,0.5566666666666666,0.7733333333333333,0.5120348376880444
