step,Cars,EuroSAT,RESISC45,GTSRB
500,0.7275214525556523,0.6166666666666667,0.7953968253968254,0.5304038004750594
1000,0.7280189031215023,0.6192592592592593,0.7963492063492064,0.534916864608076
