step,Cars,EuroSAT,RESISC45,GTSRB
1000,0.812709861957468,0.99,0.9523809523809523,0.9843230403800475
500,0.8130829498818555,0.99,0.9512698412698413,0.9828978622327791
