step,Cars,EuroSAT,RESISC45,GTSRB
500,0.6640965054097749,0.6459259259259259,0.7628571428571429,0.7414885193982581
1000,0.66484268125855,0.6485185185185185,0.7628571428571429,0.7482185273159145
