step,Cars,EuroSAT,RESISC45,GTSRB
1000,0.852878995149857,0.7707407407407407,0.9515873015873015,0.9817893903404592
500,0.8464121377938068,0.73,0.9517460317460318,0.9786223277909739
