step,Cars,EuroSAT,RESISC45,GTSRB
500,0.7587364755627409,0.9614814814814815,0.8592063492063492,0.835550277117973
1000,0.759980101977366,0.9618518518518518,0.8611111111111112,0.8413301662707838
