step,Cars,EuroSAT,RESISC45,GTSRB
500,0.026240517348588482,0.43666666666666665,0.23555555555555555,0.698812351543943
1000,0.02586742942420097,0.4388888888888889,0.23682539682539683,0.7043547110055424
