step,Cars,EuroSAT,RESISC45,GTSRB
1000,0.5999253824151225,0.5866666666666667,0.689047619047619,0.8336500395882819
500,0.589230195249347,0.6192592592592593,0.69,0.820744259699129
