step,Cars,EuroSAT,RESISC45,GTSRB
500,0.6390996144758114,0.6066666666666667,0.7401587301587301,0.5756927949326999
1000,0.638975251834349,0.6037037037037037,0.7409523809523809,0.5838479809976247
