step,Cars,EuroSAT,RESISC45,GTSRB
1000,0.005098868299962691,0.11074074074074074,0.028253968253968254,0.9490102929532859
500,0.005098868299962691,0.25703703703703706,0.03,0.9382422802850356
