step,Cars,EuroSAT,RESISC45,GTSRB
500,0.02611615470712598,0.43703703703703706,0.2357142857142857,0.6984956452889944
1000,0.02586742942420097,0.4388888888888889,0.2373015873015873,0.7038796516231196
