step,Cars,EuroSAT,RESISC45,GTSRB
500,0.7415744310409154,0.7181481481481482,0.8465079365079365,0.7502771179730799
1000,0.7425693321726153,0.72,0.8476190476190476,0.7557403008709422
