step,Cars,EuroSAT,RESISC45,GTSRB
500,0.7036438253948514,0.5677777777777778,0.7661904761904762,0.571575613618369
1000,0.7056336276582514,0.5648148148148148,0.7685714285714286,0.5794140934283452
