step,Cars,EuroSAT,RESISC45,GTSRB
500,0.66484268125855,0.7414814814814815,0.8266666666666667,0.6323040380047505
1000,0.6654644944658624,0.7437037037037038,0.8282539682539682,0.6387173396674585
