step,Cars,EuroSAT,RESISC45,GTSRB
1000,0.44123865190896655,0.7311111111111112,0.69,0.7790182106096596
500,0.3964681009824649,0.7214814814814815,0.6822222222222222,0.7634996041171813
