step,Cars,EuroSAT,RESISC45,GTSRB
500,0.6642208680512374,0.6455555555555555,0.763015873015873,0.7406967537608867
1000,0.6647183186170874,0.6481481481481481,0.7631746031746032,0.7478226444972288
