step,Cars,EuroSAT,RESISC45,GTSRB
500,0.7215520457654521,0.5866666666666667,0.803968253968254,0.6419635787806809
1000,0.7226713095386146,0.585925925925926,0.8057142857142857,0.649643705463183
