step,Cars,EuroSAT,RESISC45,GTSRB
1000,0.6307673174978237,0.5348148148148149,0.71,0.8476642913697545
500,0.6239273722173859,0.57,0.7101587301587302,0.8368171021377672
