step,Cars,EuroSAT,RESISC45,GTSRB
500,0.639223977117274,0.6066666666666667,0.7403174603174603,0.576326207442597
1000,0.638975251834349,0.6037037037037037,0.7409523809523809,0.5841646872525732
