step,Cars,EuroSAT,RESISC45,GTSRB
500,0.7553786842432533,0.7433333333333333,0.8542857142857143,0.6733966745843231
1000,0.7566223106578783,0.7444444444444445,0.8552380952380952,0.6769596199524941
