step,Cars,EuroSAT,RESISC45,GTSRB
500,0.6233055590100733,0.4825925925925926,0.7326984126984127,0.4372129849564529
1000,0.6239273722173859,0.4792592592592593,0.7344444444444445,0.4440221694378464
