step,Cars,EuroSAT,RESISC45,GTSRB
500,0.02636487999005099,0.4362962962962963,0.2361904761904762,0.6983372921615202
1000,0.02586742942420097,0.4374074074074074,0.23793650793650795,0.7037212984956452
