step,Cars,EuroSAT,RESISC45,GTSRB
500,0.6638477801268499,0.6455555555555555,0.7633333333333333,0.7399841646872526
1000,0.66484268125855,0.6481481481481481,0.7631746031746032,0.7472684085510689
