step,Cars,EuroSAT,RESISC45,GTSRB
500,0.6652157691829375,0.7411111111111112,0.8268253968253968,0.6315914489311164
1000,0.6658375823902499,0.7425925925925926,0.8282539682539682,0.638479809976247
