step,Cars,EuroSAT,RESISC45,GTSRB
1000,0.7273970899141898,0.55,0.8153968253968253,0.8282660332541568
500,0.7278945404800398,0.5507407407407408,0.8153968253968253,0.7930324623911322
