step,Cars,EuroSAT,RESISC45,GTSRB
500,0.7220494963313021,0.5862962962962963,0.8044444444444444,0.6406967537608868
1000,0.7226713095386146,0.5848148148148148,0.8063492063492064,0.6488519398258116
