step,Cars,EuroSAT,RESISC45,GTSRB
1000,0.8441736102474816,0.65,0.95,0.9773555027711798
500,0.840567093645069,0.5855555555555556,0.95,0.9701504354711006
