step,Cars,EuroSAT,RESISC45,GTSRB
1000,0.784852630269867,0.98,0.956031746031746,0.9910530482977039
500,0.7879616963064295,0.9907407407407407,0.9525396825396826,0.9908155186064925
