step,Cars,EuroSAT,RESISC45,GTSRB
500,0.721800771048377,0.5874074074074074,0.8049206349206349,0.6415676959619953
1000,0.7224225842556896,0.5851851851851851,0.8065079365079365,0.6501187648456057
