step,Cars,EuroSAT,RESISC45,GTSRB
1000,0.8471583136425818,0.45,0.9292063492063493,0.7529691211401425
500,0.8420594453426191,0.45814814814814814,0.9236507936507936,0.731353919239905
