step,Cars,EuroSAT,RESISC45,GTSRB
500,0.66484268125855,0.7411111111111112,0.8266666666666667,0.6315122723673793
1000,0.6659619450317125,0.7425925925925926,0.8282539682539682,0.6381631037212985
