step,Cars,EuroSAT,RESISC45,GTSRB
500,0.7275214525556523,0.617037037037037,0.7953968253968254,0.5303246239113223
1000,0.7276458151971148,0.6188888888888889,0.796031746031746,0.534916864608076
