step,Cars,EuroSAT,RESISC45,GTSRB
500,0.7216764084069146,0.5866666666666667,0.803968253968254,0.6414885193982581
1000,0.722546946897152,0.5851851851851851,0.8057142857142857,0.6497228820269201
