step,Cars,EuroSAT,RESISC45,GTSRB
1000,0.8123367740330805,0.1,0.9222222222222223,0.948535233570863
500,0.8064917298843427,0.09703703703703703,0.9174603174603174,0.9401425178147268
