step,Cars,EuroSAT,RESISC45,GTSRB
500,0.6649670439000125,0.7411111111111112,0.8268253968253968,0.6315914489311164
1000,0.6658375823902499,0.7429629629629629,0.8280952380952381,0.6385589865399842
