step,Cars,EuroSAT,RESISC45,GTSRB
500,0.7216764084069146,0.5866666666666667,0.8049206349206349,0.6410926365795725
1000,0.722546946897152,0.5848148148148148,0.8063492063492064,0.649089469517023
