step,Cars,EuroSAT,RESISC45,GTSRB
500,0.6393483397587365,0.6062962962962963,0.7403174603174603,0.5756136183689627
1000,0.6388508891928865,0.6037037037037037,0.7409523809523809,0.5837688044338876
