step,Cars,EuroSAT,RESISC45,GTSRB
500,0.02636487999005099,0.4362962962962963,0.2357142857142857,0.6989707046714173
1000,0.02586742942420097,0.4381481481481482,0.23682539682539683,0.7044338875692795
