step,Cars,EuroSAT,RESISC45,GTSRB
500,0.6501678895659744,0.7096296296296296,0.8112698412698413,0.6779889152810769
1000,0.6502922522074369,0.7125925925925926,0.8123809523809524,0.6870150435471101
