step,Cars,EuroSAT,RESISC45,GTSRB
500,0.6388508891928865,0.5555555555555556,0.7715873015873016,0.5098178939034046
1000,0.6395970650416615,0.557037037037037,0.773015873015873,0.5133016627078385
