step,Cars,EuroSAT,RESISC45,GTSRB
500,0.7587364755627409,0.9614814814814815,0.8598412698412699,0.8357878068091845
1000,0.7598557393359034,0.9618518518518518,0.8614285714285714,0.8410926365795725
