step,Cars,EuroSAT,RESISC45,GTSRB
500,0.7036438253948514,0.5674074074074074,0.7663492063492063,0.5714964370546318
1000,0.7058823529411765,0.5644444444444444,0.7684126984126984,0.5800475059382423
