step,Cars,EuroSAT,RESISC45,GTSRB
500,0.6497948016415869,0.71,0.8112698412698413,0.6785431512272367
1000,0.6500435269245118,0.7125925925925926,0.8125396825396826,0.6874901029295328
