step,Cars,EuroSAT,RESISC45,GTSRB
500,0.6393483397587365,0.607037037037037,0.7403174603174603,0.5753760886777514
1000,0.6387265265514239,0.6040740740740741,0.7409523809523809,0.5831353919239906
