step,Cars,EuroSAT,RESISC45,GTSRB
500,0.7416987936823778,0.7181481481481482,0.8468253968253968,0.7505938242280285
1000,0.7424449695311528,0.7196296296296296,0.8474603174603175,0.7562945368171021
