step,Cars,EuroSAT,RESISC45,GTSRB
500,0.6724288023877627,0.9537037037037037,0.829047619047619,0.7827395091053049
1000,0.6739211540853127,0.9548148148148148,0.8293650793650794,0.7906571654790182
