step,Cars,EuroSAT,RESISC45,GTSRB
500,0.7705509265016789,0.6855555555555556,0.9331746031746032,0.985193982581156
1000,0.773038179330929,0.6422222222222222,0.9366666666666666,0.985193982581156
