step,Cars,EuroSAT,RESISC45,GTSRB
500,0.7548812336774033,0.7437037037037038,0.8544444444444445,0.6731591448931117
1000,0.7566223106578783,0.7444444444444445,0.854920634920635,0.6771971496437055
