step,Cars,EuroSAT,RESISC45,GTSRB
500,0.6642208680512374,0.6462962962962963,0.7631746031746032,0.7406967537608867
1000,0.6650914065414749,0.6481481481481481,0.7631746031746032,0.7482977038796517
