step,Cars,EuroSAT,RESISC45,GTSRB
500,0.7275214525556523,0.6166666666666667,0.7955555555555556,0.5300079176563737
1000,0.7277701778385773,0.6177777777777778,0.7961904761904762,0.5346001583531275
