step,Cars,EuroSAT,RESISC45,GTSRB
500,0.7220494963313021,0.585925925925926,0.8047619047619048,0.6425178147268409
1000,0.7227956721800771,0.5851851851851851,0.8061904761904762,0.6503562945368171
