step,Cars,EuroSAT,RESISC45,GTSRB
500,0.6388508891928865,0.5559259259259259,0.7722222222222223,0.5091053048297703
1000,0.639721427683124,0.5566666666666666,0.7736507936507937,0.5120348376880444
