step,Cars,EuroSAT,RESISC45,GTSRB
500,0.6642208680512374,0.6459259259259259,0.7631746031746032,0.7410134600158353
1000,0.6652157691829375,0.6481481481481481,0.763015873015873,0.7482185273159145
