step,Cars,EuroSAT,RESISC45,GTSRB
500,0.7395846287775152,0.6455555555555555,0.8195238095238095,0.7996041171813143
1000,0.7419475189653029,0.6470370370370371,0.82,0.8064133016627079
