step,Cars,EuroSAT,RESISC45,GTSRB
1000,0.7552543216017908,0.6407407407407407,0.8085714285714286,0.9304038004750593
500,0.745180947643328,0.63,0.807936507936508,0.9231987331749802
