step,Cars,EuroSAT,RESISC45,GTSRB
500,0.6235542842929984,0.4825925925925926,0.7325396825396825,0.4365003958828187
1000,0.6241760975003109,0.47888888888888886,0.7344444444444445,0.44267616785431513
