step,Cars,EuroSAT,RESISC45,GTSRB
500,0.6500435269245118,0.7088888888888889,0.8107936507936508,0.6786223277909739
1000,0.6504166148488993,0.7125925925925926,0.8122222222222222,0.6874901029295328
