step,Cars,EuroSAT,RESISC45,GTSRB
500,0.7273970899141898,0.617037037037037,0.7953968253968254,0.5301662707838479
1000,0.7277701778385773,0.6181481481481481,0.796031746031746,0.5346793349168646
