step,Cars,EuroSAT,RESISC45,GTSRB
500,0.6501678895659744,0.7096296296296296,0.810952380952381,0.6781472684085511
1000,0.6500435269245118,0.7125925925925926,0.812063492063492,0.6872525732383215
