step,Cars,EuroSAT,RESISC45,GTSRB
500,0.7829871906479293,0.8,0.9492063492063492,0.9614410134600159
1000,0.7827384653650044,0.8125925925925926,0.9506349206349206,0.9644497228820269
