step,Cars,EuroSAT,RESISC45,GTSRB
500,0.6726775276706878,0.9533333333333334,0.8288888888888889,0.7831353919239905
1000,0.6737967914438503,0.9544444444444444,0.829047619047619,0.7910530482977038
