step,Cars,EuroSAT,RESISC45,GTSRB
1000,0.7751523442357916,0.802962962962963,0.9461904761904761,0.9776722090261283
500,0.772789454048004,0.7988888888888889,0.943968253968254,0.9752177355502771
