step,Cars,EuroSAT,RESISC45,GTSRB
1000,0.6621067031463749,0.74,0.8157142857142857,0.7882026920031671
500,0.66683248352195,0.7448148148148148,0.822063492063492,0.7540775930324624
