step,Cars,EuroSAT,RESISC45,GTSRB
500,0.6652157691829375,0.7403703703703703,0.8266666666666667,0.633174980205859
1000,0.6658375823902499,0.7422222222222222,0.8280952380952381,0.6391923990498812
